FeatureID,FeatureName,Cluster 21 Average,Cluster 21 Log2 Fold Change,Cluster 21 P-Value,Cluster 22 Average,Cluster 22 Log2 Fold Change,Cluster 22 P-Value
ENSGACG00000004882,ENSGACG00000004882,4.451558345016144,6.112205910359254,4.687068278968878e-87,0.06410997148946074,-6.112205910359254,4.687068278968878e-87
ENSGACG00000005566,ENSGACG00000005566,5.5403842603910505,5.961285565776362,8.873905496697104e-86,0.08867766129381613,-5.961285565776362,8.873905496696852e-86
ENSGACG00000005562,ENSGACG00000005562,2.672612840942543,6.339977998170838,7.291289648834447e-85,0.03275691973914052,-6.339977998170838,7.291289648834447e-85
ENSGACG00000012927,ENSGACG00000012927,69.32809810563924,5.5971016936455005,1.8566845310172772e-81,1.4317113705985776,-5.5971016936455005,1.8566845310172772e-81
ENSGACG00000000834,npsn,5.214972784465947,5.757321504692854,1.8566845310172772e-81,0.0961649572341911,-5.757321504692854,1.8566845310172772e-81
ENSGACG00000014527,fbp2,8.506618039583518,5.572271894166516,1.5461724217811267e-80,0.17852521257831586,-5.572271894166516,1.5461724217810827e-80
ENSGACG00000014415,npsn,36.94590320150475,5.48172186520007,2.3313737101382935e-79,0.826410289418888,-5.48172186520007,2.3313737101382353e-79
ENSGACG00000020547,alox5ap,3.0390870946980875,5.659263223588444,2.38622714712838e-79,0.05989836752299981,-5.659263223588444,2.38622714712838e-79
ENSGACG00000009964,tktb,13.391322460423986,5.437992054007836,8.385354832855865e-79,0.3086169795423311,-5.437992054007836,8.385354832856685e-79
ENSGACG00000011880,pygl,3.6881439055663408,5.492896707072582,8.060138073118256e-77,0.08165832134971458,-5.492896707072582,8.060138073118256e-77
ENSGACG00000009214,cpa1,5.694038525821086,5.388209933042047,4.650911701333565e-75,0.13570723891929645,-5.388209933042047,4.650911701333565e-75
ENSGACG00000012951,ENSGACG00000012951,4.391951086875181,5.35684339486208,5.497183532525916e-73,0.10692794514848013,-5.35684339486208,5.497183532525916e-73
ENSGACG00000017166,mpx,1.6195512804522134,5.462406831099035,2.972298045929416e-72,0.03650056770932801,-5.462406831099035,2.972298045929416e-72
ENSGACG00000007164,pgd,13.246057364658235,5.102078832862722,1.6047005060974092e-71,0.3853617629311746,-5.102078832862722,1.6047005060974824e-71
ENSGACG00000007744,gpia,3.8947824004550093,5.03122458975864,6.995810920922782e-68,0.11886082305345275,-5.03122458975864,6.995810920922782e-68
ENSGACG00000007762,alox5a,1.2526354914511804,5.309699667751839,7.166650141698658e-68,0.031353051750320216,-5.309699667751839,7.166650141698658e-68
ENSGACG00000003056,g6pd,3.5375803868547258,5.041632808684576,9.333679629629557e-68,0.10716192314661685,-5.041632808684576,9.333679629629557e-68
ENSGACG00000016593,actb1,8.239930751308398,4.883371354683286,4.445749915249988e-66,0.27890177377896785,-4.883371354683286,4.445749915250116e-66
ENSGACG00000000675,lta4h,4.493062658092073,4.922819423909295,5.073309317099275e-66,0.1478740948224058,-4.922819423909295,5.073309317099275e-66
ENSGACG00000003679,id4,1.3042951151733475,5.178012265112111,6.572639813670818e-66,0.03579863371491786,-5.178012265112111,6.572639813670818e-66
ENSGACG00000017305,ENSGACG00000017305,1.5762808263943298,5.081344188784535,1.9800656336877665e-65,0.04632764363107016,-5.081344188784535,1.9800656336877665e-65
ENSGACG00000017044,anxa5b,1.2199618832850234,4.824836335073364,2.468240584452557e-58,0.0428179736590194,-4.824836335073364,2.468240584452557e-58
ENSGACG00000010177,zgc:110626,1.1387193981151196,5.001084227609149,1.0043913884411247e-57,0.03533067771864442,-5.001084227609149,1.0043913884411247e-57
ENSGACG00000000326,ENSGACG00000000326,28.99429496550041,4.353181150358029,3.6757803985996976e-55,1.418140646706648,-4.353181150358029,3.675780398599487e-55
ENSGACG00000019370,capgb,2.358681281400143,4.206533551645041,3.2982641528843285e-50,0.12751800898451132,-4.206533551645041,3.2982641528843285e-50
ENSGACG00000014831,ENSGACG00000014831,1.0420231793531145,4.313683794913156,6.234122234145548e-50,0.05217709358448812,-4.313683794913156,6.234122234145548e-50
ENSGACG00000007839,mmp25b,1.1581469489166183,4.229014276001749,3.3341448082150286e-48,0.06153621350995684,-4.229014276001749,3.3341448082150286e-48
ENSGACG00000017200,taldo1,10.305432629704105,3.9466548781104587,1.331072122474821e-46,0.6680071846803299,-3.9466548781104587,1.331072122474811e-46
ENSGACG00000015634,scinlb,2.9547538628097634,3.960735585490142,8.512243106615065e-46,0.1895221784907416,-3.960735585490142,8.512243106615065e-46
ENSGACG00000016070,ENSGACG00000016070,12.066275188712673,3.8870585004676848,1.8729952955135042e-45,0.8151793455083256,-3.8870585004676848,1.8729952955132684e-45
ENSGACG00000014576,ENSGACG00000014576,22.924951481014006,3.8426673832994442,1.2293580328174302e-44,1.597367793279374,-3.8426673832994442,1.2293580328174346e-44
ENSGACG00000005864,gapdhs,3.07308530860071,3.8370141990697677,1.234478533285354e-43,0.21479180228950714,-3.8370141990697677,1.234478533285367e-43
ENSGACG00000007396,eno1a,2.198403987287778,3.8534905097817447,1.2926122631262735e-43,0.15185172079072998,-3.8534905097817447,1.2926122631262735e-43
ENSGACG00000001966,ncf2,3.6280951121798903,3.524893870447471,5.983864194939629e-38,0.31493438549202246,-3.524893870447471,5.983864194939436e-38
ENSGACG00000005947,sla1,1.33520258235755,3.453436255512929,2.280092740013008e-35,0.12166855903109336,-3.453436255512929,2.280092740013008e-35
ENSGACG00000015423,ENSGACG00000015423,2.3242415322520316,3.387809929634088,7.28111483927403e-35,0.22181114223360868,-3.387809929634088,7.281114839273743e-35
ENSGACG00000001123,ENSGACG00000001123,35.778925547678355,3.3181201627134187,2.703469876216781e-34,3.5864147554396135,-3.3181201627134187,2.7034698762168677e-34
ENSGACG00000020896,rhogb,4.157937406766219,3.2968824356264577,1.0034458306332281e-33,0.42279824263304944,-3.2968824356264577,1.0034458306332091e-33
ENSGACG00000010752,cd63,3.307540523955161,3.3031757977209066,1.2461482757152857e-33,0.3348225153336435,-3.3031757977209066,1.2461482757152624e-33
ENSGACG00000020358,tagln2,2.1758856897678593,3.274543035639598,6.105915126610868e-33,0.2246188782112493,-3.274543035639598,6.105915126610709e-33
ENSGACG00000015537,cybb,5.190688345964073,3.224592363871536,2.2006275976162552e-32,0.5549958115802951,-3.224592363871536,2.200627597616098e-32
ENSGACG00000013470,CTSS,2.661132924559839,3.1948706341194604,1.946244336371395e-31,0.29036669568766704,-3.1948706341194604,1.9462443363714686e-31
ENSGACG00000010111,ptpn6,1.4667800855131552,3.2089855052978056,5.455308671177398e-31,0.1584031047385581,-3.2089855052978056,5.455308671177398e-31
ENSGACG00000004178,ENSGACG00000004178,1.2521939562056916,3.176553460387527,2.433888773468796e-30,0.13828099689880036,-3.176553460387527,2.433888773468796e-30
ENSGACG00000013555,coro1a,3.903613105364782,3.1093874874849483,3.8203117532611124e-30,0.4520454924001392,-3.1093874874849483,3.820311753260181e-30
ENSGACG00000000546,ENSGACG00000000546,3.1591846814709887,3.111615324652047,4.35625036570113e-30,0.3652396550914168,-3.111615324652047,4.35625036570081e-30
ENSGACG00000016657,arpc1b,5.738633585615435,3.085004645998977,5.0805078834070626e-30,0.6759624366169783,-3.085004645998977,5.080507883407029e-30
ENSGACG00000004460,fam49bb,1.3568378093864917,3.109440417654129,2.727446496016831e-29,0.15699923674973779,-3.109440417654129,2.727446496016831e-29
ENSGACG00000006997,alas1,1.026569445761013,3.1394898401472555,4.1587902825013166e-29,0.11628706507394886,-3.1394898401472555,4.1587902825013166e-29
ENSGACG00000015680,swap70a,0.0790348089424608,-3.945988721976242,1.6738849058632818e-28,1.2244068642494454,3.945988721976242,1.673884905863258e-28
ENSGACG00000020795,pgk1,1.0349586154252968,3.0478335168563473,4.0877891000996165e-28,0.12494425100500742,-3.0478335168563473,4.0877891000996165e-28
ENSGACG00000015943,cyba,5.703752301221836,2.9211145615755303,4.912870001641743e-27,0.7527072200058218,-2.9211145615755303,4.9128700016418806e-27
ENSGACG00000014503,arpc2,2.278763401966705,2.8986316352896573,1.7879952625471794e-26,0.305341287568417,-2.8986316352896573,1.7879952625472342e-26
ENSGACG00000004750,cfl1l,5.823408352749248,2.8282262752798517,1.6095436721161123e-25,0.8196249274729231,-2.8282262752798517,1.6095436721159273e-25
ENSGACG00000007959,lcp1,6.719724901091122,2.8187240499794166,1.872182254012852e-25,0.9520564744183055,-2.8187240499794166,1.872182254012814e-25
ENSGACG00000019142,ENSGACG00000019142,7.703906963285229,2.809496435313839,3.1090648559625018e-25,1.0985267012518911,-2.809496435313839,3.109064855962138e-25
ENSGACG00000013298,arhgdia,4.09126558469744,2.724691040089524,8.414708344313587e-24,0.6186378270734825,-2.724691040089524,8.414708344313625e-24
ENSGACG00000015525,spi1b,1.382446853624831,2.7671736555886794,9.897251627811283e-24,0.2028589243845345,-2.7671736555886794,9.897251627811283e-24
ENSGACG00000001519,itgb2,1.730376627069854,2.6045668163011033,1.8405202338625225e-21,0.2842832677361124,-2.6045668163011033,1.840520233862466e-21
ENSGACG00000018552,sh3bgrl,1.9899993514171554,2.5753585714385756,3.725135848550967e-21,0.33365262534295986,-2.5753585714385756,3.725135848550963e-21
ENSGACG00000007176,ENSGACG00000007176,1.2517524209602031,2.547870274810229,2.711145765215321e-20,0.21385589029696025,-2.547870274810229,2.711145765215296e-20
ENSGACG00000017611,arpc3,3.5397880630821685,2.4786780874740346,6.282511039017167e-20,0.6347823089449159,-2.4786780874740346,6.282511039017191e-20
ENSGACG00000000344,ENSGACG00000000344,0.17396488672251148,-3.1007121446972765,7.330945111168778e-20,1.4955873640899016,3.1007121446972765,7.330945111168778e-20
ENSGACG00000011212,ENSGACG00000011212,5.396002235116276,2.483570410541097,8.079556089191783e-20,0.9644573083195517,-2.483570410541097,8.079556089191691e-20
ENSGACG00000001577,ENSGACG00000001577,1.859746453998016,2.4546514064020757,2.259666584435983e-19,0.3390341193001044,-2.4546514064020757,2.259666584436017e-19
ENSGACG00000004430,rpia,1.0336340096888308,2.4691368150209874,3.3952438610816553e-19,0.18648046451496425,-2.4691368150209874,3.3952438610816553e-19
ENSGACG00000010801,ENSGACG00000010801,0.4265230471419951,-2.9617965137424282,3.8956996001148895e-19,3.325529287517173,2.9617965137424282,3.8956996001150744e-19
ENSGACG00000011811,COX7A2,1.0980981555301677,2.4251376913721217,1.3088856209635812e-18,0.20426279237335482,-2.4251376913721217,1.3088856209635907e-18
ENSGACG00000005778,dap1b,0.12848675643718488,-2.990045719016912,2.117256301058372e-18,1.023887719846278,2.990045719016912,2.117256301058357e-18
ENSGACG00000019990,hcls1,1.1983266562560815,2.4037296361592473,2.3007239120473515e-18,0.2262567241982063,-2.4037296361592473,2.3007239120472005e-18
ENSGACG00000008944,ENSGACG00000008944,1.3299041594116867,2.325636423394352,2.2847570845647172e-17,0.2650970718889015,-2.325636423394352,2.284757084564703e-17
ENSGACG00000018016,cd74a,0.43182147008785843,-2.739916416875725,9.285655184116007e-17,2.886820541010827,2.739916416875725,9.285655184115938e-17
ENSGACG00000020333,msna,1.5497887116650133,2.2714579054500605,1.3528458830907538e-16,0.32078383544544037,-2.2714579054500605,1.3528458830908416e-16
ENSGACG00000004252,MYL12B,3.4024706017352115,2.2513257195672396,1.3528458830907538e-16,0.7143348283114,-2.2513257195672396,1.3528458830908416e-16
ENSGACG00000007836,ENSGACG00000007836,32.74425380543516,2.237414915437466,1.4116828683907e-16,6.94236118271456,-2.237414915437466,1.4116828683907433e-16
ENSGACG00000020827,ncf1,4.430806188478179,2.241887245763752,1.9552722868262936e-16,0.9363799485431454,-2.241887245763752,1.955272286826288e-16
ENSGACG00000011976,ENSGACG00000011976,1.582903855076659,2.172307901989804,2.6606858460886835e-15,0.350966997205077,-2.172307901989804,2.6606858460882212e-15
ENSGACG00000013220,tmem176l.1,1.8442927204059147,2.1476023725420665,8.043741404509228e-15,0.41601288068708464,-2.1476023725420665,8.043741404508995e-15
ENSGACG00000009846,arpc4,2.4748050509636466,2.0676879287983114,4.664604263869321e-14,0.5900925113008029,-2.0676879287983114,4.6646042638687734e-14
ENSGACG00000019326,ponzr1,1.343150216776345,2.011401578290316,6.437435198931574e-13,0.3329506913485497,-2.011401578290316,6.437435198931548e-13
ENSGACG00000001512,DBI,1.1766914292271398,1.9721369092123502,1.3818617357925903e-12,0.29972581561313577,-1.9721369092123502,1.3818617357926182e-12
ENSGACG00000013901,zgc:92027,1.2491032094872714,1.9645902135754647,1.4888249251581766e-12,0.31984792345289353,-1.9645902135754647,1.488824925158221e-12
ENSGACG00000007843,ptprc,1.6049806173510894,1.9439018873112304,2.4863049602054047e-12,0.4169487926796315,-1.9439018873112304,2.48630496020548e-12
ENSGACG00000010458,BRK1,1.3073858618917678,1.666852602506306,3.6395986842927225e-09,0.411567298722487,-1.666852602506306,3.6395986842926795e-09
ENSGACG00000014908,arl6ip1,1.0746967875192714,1.6449437671555427,6.7174398494408775e-09,0.34347970126470206,-1.6449437671555427,6.717439849440543e-09
ENSGACG00000017070,anxa4,1.101188902248588,1.639392545801912,7.564854986879637e-09,0.3533067771864442,-1.639392545801912,7.564854986879867e-09
ENSGACG00000005779,ENSGACG00000005779,1.1859636693824005,1.6281568972498381,1.1273821737835676e-08,0.3834899389460808,-1.6281568972498381,1.1273821737836226e-08
ENSGACG00000006710,ENSGACG00000006710,1.5109336100620159,1.6345341547235013,1.8572583450443287e-08,0.48644025812623676,-1.6345341547235013,1.8572583450442876e-08
ENSGACG00000001460,ENSGACG00000001460,0.30377624889616217,-1.7395951438064716,1.5594022606000268e-07,1.015464511913356,1.7395951438064716,1.5594022606000268e-07
ENSGACG00000014009,si:ch211-79k12.1,1.0239202342880815,1.3193324483123192,8.459471282288758e-06,0.4101634307336667,-1.3193324483123192,8.45947128228819e-06
ENSGACG00000020086,ENSGACG00000020086,9.789277927727923,-1.431611362443841,9.950951069925176e-06,26.401843331749124,1.431611362443841,9.950951069925256e-06
ENSGACG00000017032,cfl1,1.3674346552782184,1.2980516315892516,1.0897918817373486e-05,0.555931723572842,-1.2980516315892516,1.089791881737405e-05
ENSGACG00000020925,mt-nd1,4.761074552103658,1.211963083507091,4.77792093436524e-05,2.0547947796366577,-1.211963083507091,4.777920934364101e-05
ENSGACG00000015963,cox4i1,1.9975054505904617,1.1992474126805663,6.118457780906874e-05,0.8696962190741808,-1.1992474126805663,6.11845778090682e-05
ENSGACG00000004699,rpl35a,4.68115667267022,-1.29059675447014,8.536614620387821e-05,11.449947316818433,1.29059675447014,8.536614620387154e-05
ENSGACG00000020942,mt-co3,26.565409580067577,1.1650073098455969,0.00010352272534057325,11.844668199675075,-1.1650073098455969,0.00010352272534057345
ENSGACG00000017701,ENSGACG00000017701,1.009791106432446,1.1398260452529203,0.00019596131356391274,0.4581289203516939,-1.1398260452529203,0.00019596131356388894
ENSGACG00000020938,mt-co2,65.48011844120603,1.124659640929642,0.00019800846251206866,30.02358876490738,-1.124659640929642,0.00019800846251207284
ENSGACG00000020940,ENSGACG00000020940,15.187046303826154,1.1212300716869859,0.00022958712622889448,6.9800316404145715,-1.1212300716869859,0.00022958712622889947
ENSGACG00000020929,mt-nd2,5.002152796140438,1.0922581126676516,0.00035954091500903554,2.345629431320598,-1.0922581126676516,0.0003595409150090307
ENSGACG00000017373,ENSGACG00000017373,0.6737827846156155,-1.1351931469338223,0.0008573883956174126,1.480378794211015,1.1351931469338223,0.0008573883956174279
ENSGACG00000005605,atp5mc1,2.186041000414097,1.0338850515107296,0.0008798833523989975,1.0674076274997075,-1.0338850515107296,0.0008798833523989869
ENSGACG00000007312,ENSGACG00000007312,0.7404546066843953,-1.1135048815533102,0.001136897730184443,1.6025153092383817,1.1135048815533102,0.0011368977301843958
ENSGACG00000008253,ENSGACG00000008253,1.7493626426258642,1.010641357012576,0.0013011437395129284,0.8680583730872238,-1.010641357012576,0.0013011437395129535
ENSGACG00000013895,ENSGACG00000013895,73.05774632428151,-1.0874900343780842,0.0013468052801572567,155.21913213991363,1.0874900343780842,0.0013468052801573036
ENSGACG00000019059,ENSGACG00000019059,0.5894495527272914,-1.0935615903733606,0.001464830980167014,1.2583336739792694,1.0935615903733606,0.0014648309801670114
ENSGACG00000015628,ENSGACG00000015628,2.4862849673463505,-1.0618788570604227,0.0018876349916206966,5.190099954668679,1.0618788570604227,0.0018876349916209189
ENSGACG00000006448,tmem205,1.7674655876908971,-1.0499624835961998,0.002316911531862294,3.65941589085827,1.0499624835961998,0.0023169115318623463
ENSGACG00000012539,rpl22l1,0.6155001322111193,-1.045096350465533,0.0027300597123497295,1.2705005298823788,1.045096350465533,0.002730059712349679
ENSGACG00000008037,zgc:56095,0.5479452396513623,-1.0432028992100557,0.0028239408508656696,1.1296457750040745,1.0432028992100557,0.0028239408508659294
ENSGACG00000014131,ENSGACG00000014131,0.7969711181069371,-1.025449614998859,0.0032849478710339406,1.6226374170781395,1.025449614998859,0.003284947871033995
ENSGACG00000017482,rpl36a,8.338834646297848,-1.0110151682341977,0.0033562193954385904,16.80266198019213,1.0110151682341977,0.0033562193954381468
ENSGACG00000002767,rpl7,9.123001242285614,-0.974268754153123,0.00518757633718935,17.920374877291234,0.974268754153123,0.005187576337189315
ENSGACG00000009211,ENSGACG00000009211,1.2415971103139651,-0.9778792051849433,0.005479628895570848,2.445538036524977,0.9778792051849433,0.00547962889557084
ENSGACG00000005189,rplp2,8.993189880111963,0.8868970430574952,0.006340354721116608,4.862296779279137,-0.8868970430574952,0.006340354721116611
ENSGACG00000004652,ENSGACG00000004652,0.8552537705114334,-0.9543428916481819,0.0074965744604886374,1.6575001388005104,0.9543428916481819,0.007496574460488466
ENSGACG00000020954,mt-cyb,13.023082065686488,0.8729214625254511,0.00814301210072357,7.109655451382314,-0.8729214625254511,0.00814301210072352
ENSGACG00000014559,rpl3,3.2474917305687105,-0.912526037755307,0.010916847596578624,6.112207245325485,0.912526037755307,0.01091684759657835
ENSGACG00000017191,eef1da,0.862318334439251,-0.9132723133901463,0.01113979233081302,1.6242752630650965,0.9132723133901463,0.01113979233081302
ENSGACG00000020946,mt-nd4l,3.3565509362043966,0.8316453430608971,0.013988929426450853,1.8856286869838104,-0.8316453430608971,0.013988929426450795
ENSGACG00000009622,slc4a1a,0.7492853115941674,-0.9317156313918875,0.014979762555279226,1.429605568615347,0.9317156313918875,0.014979762555278792
ENSGACG00000004372,rpl22,5.216297390202413,-0.8781622979451313,0.015029448410319718,9.586312561659474,0.8781622979451313,0.015029448410320192
ENSGACG00000002118,rpl11,4.204740142788012,-0.8771886816076111,0.0152616347052729,7.722209850504242,0.8771886816076111,0.015261634705273062
ENSGACG00000015484,fth1b,47.50212785064638,-0.8612745019724821,0.018094919098310007,86.2770470329334,0.8612745019724821,0.018094919098309587
ENSGACG00000020935,mt-co1,14.068195991758023,0.7953828670211092,0.019817814125872153,8.104295921461501,-0.7953828670211092,0.019817814125872153
ENSGACG00000017491,rpl12,5.486075425195952,-0.8438820695105309,0.021923705847432636,9.845326205596821,0.8438820695105309,0.02192370584743195
ENSGACG00000020286,prdx5,1.1214995235410639,0.7918877124285422,0.023048147786350056,0.6476510988424354,-0.7918877124285422,0.023048147786351076
ENSGACG00000008736,rps24,7.8778718500077405,-0.8265888356343636,0.025352132866355685,13.968954444758339,0.8265888356343636,0.02535213286635745
ENSGACG00000020906,rps14,9.770733447417403,-0.8256264365757584,0.025813233002511198,17.313669928122724,0.8256264365757584,0.025813233002511173
ENSGACG00000016123,rpl37,4.0872917674880425,-0.8212961900150946,0.02689895846384594,7.221262956493528,0.8212961900150946,0.026898958463845393
ENSGACG00000017042,rps17,5.2410233639497745,-0.8161787807905894,0.027926894963941733,9.226688378523338,0.8161787807905894,0.027926894963942066
ENSGACG00000017383,aqp1a.1,0.8795382090133067,-0.8173401024998385,0.03010987568408195,1.5501042376557568,0.8173401024998385,0.03010987568408309
ENSGACG00000001954,ENSGACG00000001954,1.5383087952823096,0.7594718460787111,0.030346855025670093,0.908536566764876,-0.7594718460787111,0.030346855025670846
ENSGACG00000009305,atp5if1b,1.621317421434168,0.7480714655872909,0.03447770639211581,0.9651592423139618,-0.7480714655872909,0.03447770639211569
ENSGACG00000014487,zgc:163057,1.4031990101627956,-0.7939434886890235,0.03618223599669835,2.4329032246255937,0.7939434886890235,0.0361822359966968
ENSGACG00000006058,rsl24d1,1.8844724277453782,-0.7809132397970556,0.03979421121784877,3.237787538215904,0.7809132397970556,0.0397942112178515
ENSGACG00000009814,rps18,8.125131587481361,-0.7791034051451304,0.03983589416574168,13.940877084981933,0.7791034051451304,0.03983589416574286
ENSGACG00000017440,rpl39,5.735101303651526,-0.7784018925020222,0.04049635691495534,9.835499129675078,0.7784018925020222,0.04049635691495534
ENSGACG00000012552,blvrb,0.8508384180565473,-0.7797401295232402,0.041906803027385836,1.4609586203656673,0.7797401295232402,0.041906803027379806
ENSGACG00000015169,rpl31,9.7747072646268,-0.7617715073041342,0.04654903695185467,16.57078978403864,0.7617715073041342,0.04654903695185472
ENSGACG00000007282,cxcr4a,3.9384943897583815,0.7157913532550415,0.048147557288267556,2.3975725469069493,-0.7157913532550415,0.04814755728826644
ENSGACG00000007989,itm2bb,2.605941018873763,0.7109215915262996,0.04833253094869816,1.5917523213240927,-0.7109215915262996,0.04833253094869816
ENSGACG00000003288,rpl38,2.885432829268052,-0.7552179671197372,0.04946995548687975,4.869784075219512,0.7552179671197372,0.04946995548687975
ENSGACG00000011650,tegt,1.183314457909469,0.7124221271095544,0.04946995548687975,0.7220561022499118,-0.7124221271095544,0.04946995548687975
ENSGACG00000009280,ENSGACG00000009280,2.698663420426371,-0.7587745998193505,0.04954573112262175,4.565846655639915,0.7587745998193505,0.04954573112262175
ENSGACG00000013438,CAPNS1,0.6207985551569826,-0.762407758363194,0.04992190909912045,1.0533689476115045,0.762407758363194,0.0499219090991217
ENSGACG00000014154,si:dkey-159f12.2,8.557394592814708,-0.7502471371911437,0.05089152534798896,14.391752687391389,0.7502471371911437,0.05089152534799039
ENSGACG00000015499,rplp2l,2.859823785029713,-0.748537926198861,0.052723528079919126,4.804270235741231,0.748537926198861,0.05272352807992104
ENSGACG00000011558,rps27a,10.790238329250597,-0.7420072844248016,0.055130208936794815,18.043447304311147,0.7420072844248016,0.055130208936790784
ENSGACG00000003995,rplp1,10.52620025244841,-0.7326373301031657,0.05945499102731105,17.48798353673458,0.7326373301031657,0.059454991027309355
ENSGACG00000017164,rps3a,7.340523456248104,-0.7262424349183871,0.06316027942465258,12.141586279310571,0.7262424349183871,0.06316027942465258
ENSGACG00000004230,RPL5,3.871381032444113,-0.7259385094148985,0.06450021513195828,6.402339963015015,0.7259385094148985,0.06450021513195828
ENSGACG00000014635,rpl27,7.400572249634555,-0.7200111396036681,0.06689240660556188,12.188147900939779,0.7200111396036681,0.0668924066055616
ENSGACG00000015957,RPL7A,8.054044412957694,-0.7164322340197673,0.07002032538309372,13.231455794631403,0.7164322340197673,0.07002032538309386
ENSGACG00000004055,rpl6,5.779254828200387,-0.70960521801765,0.07246934543898403,9.44966941074763,0.70960521801765,0.07246934543899534
ENSGACG00000000474,rpl23,12.04861377889313,-0.7006552097503778,0.07799658176619825,19.578342972088016,0.7006552097503778,0.07799658176619018
ENSGACG00000020581,sod1,0.9731436810568916,-0.7008149697063764,0.08136064216702749,1.5819252454023505,0.7008149697063764,0.08136064216702048
ENSGACG00000006807,alas2,1.627940450116497,-0.687761909259362,0.08835234684471385,2.622191425118199,0.687761909259362,0.08835234684471385
ENSGACG00000004926,rps10,8.463789120771123,-0.6825396332308915,0.08982575359430503,13.58172085784207,0.6825396332308915,0.08982575359429062
ENSGACG00000003653,zgc:64051,2.886757435004518,0.6459986376452516,0.0902133040229568,1.8444485593117481,-0.6459986376452516,0.09021330402294764
ENSGACG00000010916,rps12,5.851225073215031,-0.6834402060285996,0.090276208073313,9.395386515179911,0.6834402060285996,0.09027620807331256
ENSGACG00000017861,rps6,5.474153973567759,-0.6810027818361224,0.09211597550692116,8.775110842119473,0.6810027818361224,0.09211597550692116
ENSGACG00000007041,rpl29,2.71809097122787,-0.6772840129083613,0.09613235610695352,4.346141315389537,0.6772840129083613,0.09613235610696166
ENSGACG00000014330,ndufab1b,0.7011579698359092,-0.681761410785067,0.09972110684094214,1.1249662150413402,0.681761410785067,0.09972110684094214
ENSGACG00000015568,rps28,4.394158763102625,-0.6663494132307024,0.10321311819458859,6.972778322472333,0.6663494132307024,0.10321311819458509
ENSGACG00000009310,rpl13a,9.07354929479089,-0.6655448816378655,0.10373381966772184,14.389646885408158,0.6655448816378655,0.10373381966772524
ENSGACG00000010310,ppdpfb,2.480986544400487,0.6248569763723454,0.10588786265439055,1.6085987371899364,-0.6248569763723454,0.10588786265438911
ENSGACG00000009661,NDUFA4,1.527711949390583,0.6263876689002535,0.10693228022682849,0.9894929541201805,-0.6263876689002535,0.10693228022682849
ENSGACG00000001940,RPS20,8.582562101807559,-0.6493285236194146,0.11555397899900599,13.458882408820294,0.6493285236194146,0.11555397899901729
ENSGACG00000007961,rpl15,3.883744019317794,-0.6503434646072932,0.11563128762580248,6.094892873463367,0.6503434646072932,0.11563128762580248
ENSGACG00000012791,faua,8.229775440662161,-0.6478202510376105,0.11655826112320293,12.892187697333162,0.6478202510376105,0.11655826112320337
ENSGACG00000017028,ENSGACG00000017028,1.7573102770446591,0.6132642376314119,0.11770454476115348,1.1485979928531487,-0.6132642376314119,0.11770454476115588
augustus_masked-chrY-processed-gene-6.13,augustus_masked-chrY-processed-gene-6.13,0.9594560884467448,-0.6456906521167735,0.12475136604562678,1.5012028360451828,0.6456906521167735,0.1247513660456235
ENSGACG00000008262,fance,5.460024845712124,-0.6394049425086608,0.12541937459595004,8.503696364280879,0.6394049425086608,0.12541937459594993
ENSGACG00000002035,rpl8,7.928206867993442,-0.6373180966752758,0.1288640682969103,12.329704589812492,0.6373180966752758,0.12886406829691013
ENSGACG00000016089,rpl28,7.020410403268864,-0.6340861832594973,0.13023996288706666,10.893547637249318,0.6340861832594973,0.13023996288707007
ENSGACG00000013435,rpl17,10.228163961743599,-0.6318657414472524,0.13196004570086772,15.846393901807364,0.6318657414472524,0.13196004570086342
ENSGACG00000003110,rpl21,8.640403218966567,-0.6293695408020072,0.13359852648424841,13.363419385580512,0.6293695408020072,0.13359852648424791
ENSGACG00000019181,rps15a,8.5693160444429,-0.6282453626753641,0.13774501561199823,13.243154694538239,0.6282453626753641,0.13774501561200433
ENSGACG00000015752,rpl13,6.1625074212844995,-0.6270873078070411,0.13861598568287226,9.516119162218459,0.6270873078070411,0.13861598568287187
ENSGACG00000000825,PDCL3,1.5069597928526184,0.5944354834292845,0.13937070892349368,0.9979161620531023,-0.5944354834292845,0.1393707089234922
ENSGACG00000012484,zgc:171772,8.584328242789512,-0.6158479093898737,0.1469445442060433,13.152839187257467,0.6158479093898737,0.14694454420604758
ENSGACG00000019287,ENSGACG00000019287,2.8814590120586545,0.5643063614067341,0.16851169513687408,1.9483347904844508,-0.5643063614067341,0.16851169513686712
ENSGACG00000016153,rpl9,6.709569590444884,-0.5970544993355986,0.16951224382426294,10.147391801191324,0.5970544993355986,0.1695122438242527
ENSGACG00000019847,cct7,0.6848211657528307,-0.600899623037867,0.1718027598620034,1.038862311727028,0.600899623037867,0.17180275986200833
ENSGACG00000003895,rps23,6.207544016324337,-0.5943492574814191,0.1721443581276032,9.370584847377419,0.5943492574814191,0.1721443581276316
ENSGACG00000013073,rpl10,6.797876639542606,-0.5929850415226712,0.17288806549986108,10.251979966358437,0.5929850415226712,0.17288806549988273
ENSGACG00000011913,rps7,7.940128319621634,-0.5931507523230706,0.17395951261248344,11.975929856629774,0.5931507523230706,0.17395951261248374
ENSGACG00000018103,rack1,5.044540179707344,-0.5931504316363236,0.17407584176965518,7.608730521407933,0.5931504316363236,0.1740758417696611
ENSGACG00000015247,nme2a,1.2906075225632005,0.5661720277529176,0.177456618842976,0.8715680430592746,-0.5661720277529176,0.1774566188429761
ENSGACG00000006523,RPL27A,4.769463721767941,-0.5874685556515011,0.18243180990116734,7.165576192936989,0.5874685556515011,0.1824318099011591
ENSGACG00000002835,rps5,8.652324670594759,-0.584620196929138,0.183583824700364,12.973144084688467,0.584620196929138,0.1835838247003763
ENSGACG00000019593,rpl34,7.883611808199093,-0.5857311404931593,0.1836387084081081,11.829693607794326,0.5857311404931593,0.18363870840810625
ENSGACG00000000590,rpl18a,5.095316732938534,-0.5855626098102689,0.18407686113229613,7.644997111119125,0.5855626098102689,0.18407686113234303
ENSGACG00000011547,rpl18,5.924961459211628,-0.5874658001426116,0.18407686113229613,8.9014589611133,0.5874658001426116,0.18407686113234303
ENSGACG00000003336,ENSGACG00000003336,7.514488342970616,-0.578052197104443,0.19389106701374922,11.215969318681715,0.578052197104443,0.19389106701374922
ENSGACG00000000860,ENSGACG00000000860,8.077004245723103,0.5403932590130305,0.20043137721033435,5.552531873782455,-0.5403932590130305,0.20043137721033435
ENSGACG00000008021,uba52,6.007087014872509,-0.5679866351584058,0.20782027285557564,8.903798741094667,0.5679866351584058,0.2078202728555901
ENSGACG00000012858,rps29,3.3287342157386144,-0.5679294561099075,0.20899608220121269,4.933894046708973,0.5679294561099075,0.2089960822012091
ENSGACG00000013384,rps3,5.602640730004945,-0.5606509298898343,0.21820649272942652,8.262231070203786,0.5606509298898343,0.21820649272943898
ENSGACG00000010761,rps9,6.6018349905456635,-0.562129057313991,0.2183465672493599,9.745651578390579,0.562129057313991,0.21834656724935947
ENSGACG00000019097,prdx2,3.3207865813198194,-0.5594244151354677,0.21996103739182793,4.893181875033184,0.5594244151354677,0.21996103739182704
ENSGACG00000003476,rps19,6.429194709559618,-0.5536811799224264,0.22866747362343226,9.43539675286129,0.5536811799224264,0.22866747362342604
ENSGACG00000015892,nsa2,0.8300862615185827,-0.5575224641069443,0.2296308823467601,1.2218331062699415,0.5575224641069443,0.22963088234673487
ENSGACG00000015475,atp6v1g1,1.480467678123302,0.5239077079119181,0.2325553119046822,1.0295031918015594,-0.5239077079119181,0.2325553119046822
ENSGACG00000007990,RPS17,1.210248107884274,-0.5545347501436786,0.23258921762782625,1.7775308518446467,0.5545347501436786,0.2325892176278189
ENSGACG00000015402,eef1b2,3.9786740970978447,-0.5443899810661863,0.2413200417325634,5.80171844179806,0.5443899810661863,0.24132004173255933
ENSGACG00000002699,ENSGACG00000002699,6.854834686210636,-0.5439299744338024,0.24210388015810472,9.99226438842668,0.5439299744338024,0.24210388015810472
ENSGACG00000017702,eef1g,3.416599729590847,-0.5408441512630491,0.2482202843059951,4.969926658422027,0.5408441512630491,0.2482202843060549
ENSGACG00000020009,rps16,5.719206034813936,-0.5320071760863936,0.26144640529782087,8.268314498155341,0.5320071760863936,0.2614464052978211
ENSGACG00000018439,rpl26,6.862782320629431,-0.5326324498350528,0.2621016794724871,9.92581463695585,0.5326324498350528,0.2621016794724957
ENSGACG00000004968,rpl4,1.3568378093864917,-0.5306323284336341,0.26833094723202056,1.9600336903912867,0.5306323284336341,0.26833094723202033
ENSGACG00000014492,hbae5,168.84749322729851,-0.5119312635580808,0.2970451073998283,240.71984017502942,0.5119312635580808,0.2970451073998283
ENSGACG00000020072,eif4a1b,1.567008586239069,0.4845536093017583,0.3036316081897411,1.1198186990823324,-0.4845536093017583,0.30363160818973955
ENSGACG00000002088,rpl36,5.4891661719143725,-0.5074828723137808,0.30609792475976555,7.8019963478688625,0.5074828723137808,0.30609792475976555
ENSGACG00000016489,rps8a,6.251697540873198,-0.5089290850882882,0.3062142897592738,8.894673599167335,0.5089290850882882,0.3062142897592778
ENSGACG00000003574,rpl35,6.182818042576975,-0.5053106489742389,0.31129529421141944,8.7746428861232,0.5053106489742389,0.3112952942114627
ENSGACG00000014467,serbp1a,1.2875167758447803,-0.49961380269735167,0.3253714949789003,1.8203488255036662,0.49961380269735167,0.32537149497889545
ENSGACG00000013918,HBE1,188.72011155624978,-0.48551598427390275,0.3502662927304353,264.1700510602838,0.48551598427390275,0.35026629273043364
maker-chrY-augustus-gene-46.49,maker-chrY-augustus-gene-46.49,1.0044926834865828,-0.48596791952530294,0.35716406142966045,1.4069097027960855,0.48596791952530294,0.35716406142967455
ENSGACG00000015245,naca,4.310267066459789,-0.47455281209603895,0.3727885730677353,5.988198906313024,0.47455281209603895,0.3727885730677353
ENSGACG00000013902,ENSGACG00000013902,60.2179013854728,-0.46243795652672937,0.40200676924667655,82.95549537138456,0.46243795652672937,0.4020067692466777
ENSGACG00000006818,rps25,9.08326307019164,-0.44570430540036243,0.43997844584134604,12.36901289349946,0.44570430540036243,0.43997844584138945
ENSGACG00000003628,rpl30,9.675361834391863,-0.44327156696761083,0.4458218387396932,13.153073165255604,0.44327156696761083,0.4458218387397104
ENSGACG00000020625,rpl23a,7.146247948233118,-0.42364804563483505,0.4930582768236369,9.583738803679969,0.42364804563483505,0.4930582768235583
ENSGACG00000010457,ENSGACG00000010457,0.9064718589881118,-0.42699080010555757,0.49572693644178084,1.2187913922941642,0.42699080010555757,0.49572693644178084
ENSGACG00000006018,rpsa,7.222633545702647,-0.4206897959070637,0.49572693644178084,9.66633303702223,0.4206897959070637,0.49572693644178084
ENSGACG00000000741,rps26,6.764319960885471,-0.40616586562038703,0.5234146807209775,8.962293240628847,0.40616586562038703,0.5234146807209776
ENSGACG00000019282,ENSGACG00000019282,8.644818571421451,0.38494497894956003,0.5257686817188947,6.6190035892896155,-0.38494497894956003,0.5257686817189037
ENSGACG00000011139,pfdn4,0.7589990869949168,-0.4087532942126293,0.5290448823512468,1.0077432379748446,0.4087532942126293,0.5290448823511569
ENSGACG00000004818,ENSGACG00000004818,1.3789145716609221,0.38388593044658104,0.534382188796941,1.0566446395854185,-0.38388593044658104,0.5343821887969065
ENSGACG00000005090,ENSGACG00000005090,1.072930646537317,0.38388159481094924,0.5358336486940609,0.8221986854524271,-0.38388159481094924,0.5358336486940799
ENSGACG00000012793,ENSGACG00000012793,2.0032454087818135,-0.40021018999840186,0.5424118966346785,2.64348342294864,0.40021018999840186,0.542411896634678
ENSGACG00000018720,rps4x,3.2324795322220976,-0.39793091013310233,0.5463194969953996,4.258633544086405,0.39793091013310233,0.5463194969954225
ENSGACG00000017481,gtpbp4,1.048204672789955,-0.39668650498080993,0.553482509656065,1.3800022330103627,0.39668650498080993,0.5534825096560706
ENSGACG00000003250,rpl24,3.0382040242071104,-0.35242675275602187,0.668629408122085,3.8784192971142377,0.35242675275602187,0.6686294081219981
ENSGACG00000004038,psma3,1.124590270259484,0.32825400814825756,0.6925505180900905,0.8956677768673565,-0.32825400814825756,0.6925505180900291
ENSGACG00000011456,ada,1.3343195118665727,-0.338762054104901,0.7144675359688091,1.6874493225620104,0.338762054104901,0.7144675359688353
ENSGACG00000008265,rpl14,6.094952528724742,-0.33528520161988684,0.7161714098221318,7.688283040774417,0.33528520161988684,0.716171409822129
ENSGACG00000019805,btg1,1.0490877432809322,0.3210144499741391,0.7195161819132718,0.8397470353126809,-0.3210144499741391,0.7195161819132814
ENSGACG00000015834,btf3,1.2274679824583297,-0.310754115583723,0.8029737491848793,1.5224948338756241,0.310754115583723,0.8029737491848915
ENSGACG00000006059,RPL19,4.799046583215678,-0.3060619432972085,0.8101770263106485,5.9322781647583485,0.3060619432972085,0.8101770263106478
ENSGACG00000006703,rps13,4.761516087349147,-0.3065933588827039,0.8101770263106485,5.888056323110509,0.3065933588827039,0.8101770263106478
ENSGACG00000012607,ENSGACG00000012607,1.2212864890214892,0.28589423896656296,0.8310880224870322,1.0016598100232899,-0.28589423896656296,0.8310880224870322
ENSGACG00000015549,rps15,1.4787015371413474,-0.2954813153327688,0.8421392102765644,1.814733353548385,0.2954813153327688,0.842139210276564
ENSGACG00000002182,ENSGACG00000002182,10.650713191676198,-0.2864819665959364,0.8596403027589333,12.98788469857108,0.2864819665959364,0.8596403027589326
ENSGACG00000000061,cnbpa,1.4301326601376008,0.24783815029340317,0.8935747494000806,1.2042847564096877,-0.24783815029340317,0.8935747494000806
ENSGACG00000013304,ENSGACG00000013304,2.105240050489682,-0.26741816435921417,0.8935747494000806,2.5337477418225194,0.26741816435921417,0.8935747494000806
ENSGACG00000013157,rbm8a,1.7546610655717274,-0.26551624051850586,0.8935747494000806,2.109077675204376,0.26551624051850586,0.8935747494000806
ENSGACG00000001108,ENSGACG00000001108,2.5079201943752922,0.10730476806543532,1,2.3278471034622075,-0.10730476806543532,1
ENSGACG00000005108,psap,1.2115727136207397,0.0058507668454649275,1,1.2066245363910548,-0.0058507668454649275,1
ENSGACG00000008496,rplp0,6.129392277872854,-0.16310294433088268,1,6.861872751355529,0.16310294433088268,1
ENSGACG00000019739,cct4,0.9241332688076561,-0.1810588331827711,1,1.0477534756562232,0.1810588331827711,1
ENSGACG00000006713,ENSGACG00000006713,2.605941018873763,-0.19579936506257622,1,2.984389366233838,0.19579936506257622,1
ENSGACG00000009225,ENSGACG00000009225,1.2217280242669777,-0.13810871545656656,1,1.3444375772935817,0.13810871545656656,1
ENSGACG00000006447,ybx1,5.863588060088712,-0.09862688458674373,1,6.277395712010008,0.09862688458674373,1
ENSGACG00000015206,cirbpa,0.962546835165165,-0.19824632222112487,1,1.104376151205309,0.19824632222112487,1
ENSGACG00000017667,eif3f,1.07513832276476,-0.0037701927938621482,1,1.0779366374158599,0.0037701927938621482,1
ENSGACG00000006855,tpt1,3.436910350883323,0.038912883203033655,1,3.344949461362521,-0.038912883203033655,1
ENSGACG00000019396,gabarapb,0.993012767103879,-0.15392214330404794,1,1.1048441072015824,0.15392214330404794,1
ENSGACG00000020257,ubb,3.0911882536657433,0.201944500905336,1,2.6870033306020695,-0.201944500905336,1
ENSGACG00000020692,ENSGACG00000020692,5.077213787873501,0.00786224197316887,1,5.048777243794102,-0.00786224197316887,1
ENSGACG00000016901,ENSGACG00000016901,1.234974081631636,0.07227762823900696,1,1.1745695506463245,-0.07227762823900696,1
ENSGACG00000013530,hsp90ab1,4.751360776702908,-0.15719879645180157,1,5.297495855813432,0.15719879645180157,1
ENSGACG00000010464,zgc:92606,1.167419189071879,-0.0004938211187422992,1,1.1677841887003595,0.0004938211187422992,1
ENSGACG00000005975,ENSGACG00000005975,2.1237845308002035,-0.12187971983052859,1,2.310766709598227,0.12187971983052859,1
ENSGACG00000011905,rps2,11.20793067148282,-0.05260018599956506,1,11.62192114544892,0.05260018599956506,1
maker-chrY-augustus-gene-11.16,maker-chrY-augustus-gene-11.16,1.3749407544515246,-0.20726026165273437,1,1.587306739359495,0.20726026165273437,1
