FeatureID,FeatureName,Cluster 21 Average,Cluster 21 Log2 Fold Change,Cluster 21 P-Value,Cluster 22 Average,Cluster 22 Log2 Fold Change,Cluster 22 P-Value
ENSGACG00000016593,actb1,8.239930751,4.883371355,4.45E-66,0.278901774,-4.883371355,4.45E-66
ENSGACG00000006997,alas1,1.026569446,3.13948984,4.16E-29,0.116287065,-3.13948984,4.16E-29
ENSGACG00000006807,alas2,1.62794045,-0.687761909,0.088352347,2.622191425,0.687761909,0.088352347
ENSGACG00000007762,alox5a,1.252635491,5.309699668,7.17E-68,0.031353052,-5.309699668,7.17E-68
ENSGACG00000020547,alox5ap,3.039087095,5.659263224,2.39E-79,0.059898368,-5.659263224,2.39E-79
ENSGACG00000017070,anxa4,1.101188902,1.639392546,7.56E-09,0.353306777,-1.639392546,7.56E-09
ENSGACG00000017044,anxa5b,1.219961883,4.824836335,2.47E-58,0.042817974,-4.824836335,2.47E-58
ENSGACG00000017383,aqp1a.1,0.879538209,-0.817340102,0.030109876,1.550104238,0.817340102,0.030109876
ENSGACG00000013298,arhgdia,4.091265585,2.72469104,8.41E-24,0.618637827,-2.72469104,8.41E-24
ENSGACG00000014908,arl6ip1,1.074696788,1.644943767,6.72E-09,0.343479701,-1.644943767,6.72E-09
ENSGACG00000016657,arpc1b,5.738633586,3.085004646,5.08E-30,0.675962437,-3.085004646,5.08E-30
ENSGACG00000014503,arpc2,2.278763402,2.898631635,1.79E-26,0.305341288,-2.898631635,1.79E-26
ENSGACG00000017611,arpc3,3.539788063,2.478678087,6.28E-20,0.634782309,-2.478678087,6.28E-20
ENSGACG00000009846,arpc4,2.474805051,2.067687929,4.66E-14,0.590092511,-2.067687929,4.66E-14
ENSGACG00000009305,atp5if1b,1.621317421,0.748071466,0.034477706,0.965159242,-0.748071466,0.034477706
ENSGACG00000005605,atp5mc1,2.186041,1.033885052,0.000879883,1.067407627,-1.033885052,0.000879883
ENSGACG00000012552,blvrb,0.850838418,-0.77974013,0.041906803,1.46095862,0.77974013,0.041906803
ENSGACG00000010458,BRK1,1.307385862,1.666852603,3.64E-09,0.411567299,-1.666852603,3.64E-09
ENSGACG00000019370,capgb,2.358681281,4.206533552,3.30E-50,0.127518009,-4.206533552,3.30E-50
ENSGACG00000013438,CAPNS1,0.620798555,-0.762407758,0.049921909,1.053368948,0.762407758,0.049921909
ENSGACG00000010752,cd63,3.307540524,3.303175798,1.25E-33,0.334822515,-3.303175798,1.25E-33
ENSGACG00000018016,cd74a,0.43182147,-2.739916417,9.29E-17,2.886820541,2.739916417,9.29E-17
ENSGACG00000017032,cfl1,1.367434655,1.298051632,1.09E-05,0.555931724,-1.298051632,1.09E-05
ENSGACG00000004750,cfl1l,5.823408353,2.828226275,1.61E-25,0.819624927,-2.828226275,1.61E-25
ENSGACG00000013555,coro1a,3.903613105,3.109387487,3.82E-30,0.452045492,-3.109387487,3.82E-30
ENSGACG00000015963,cox4i1,1.997505451,1.199247413,6.12E-05,0.869696219,-1.199247413,6.12E-05
ENSGACG00000011811,COX7A2,1.098098156,2.425137691,1.31E-18,0.204262792,-2.425137691,1.31E-18
ENSGACG00000009214,cpa1,5.694038526,5.388209933,4.65E-75,0.135707239,-5.388209933,4.65E-75
ENSGACG00000013470,CTSS,2.661132925,3.194870634,1.95E-31,0.290366696,-3.194870634,1.95E-31
ENSGACG00000007282,cxcr4a,3.93849439,0.715791353,0.048147557,2.397572547,-0.715791353,0.048147557
ENSGACG00000015943,cyba,5.703752301,2.921114562,4.91E-27,0.75270722,-2.921114562,4.91E-27
ENSGACG00000015537,cybb,5.190688346,3.224592364,2.20E-32,0.554995812,-3.224592364,2.20E-32
ENSGACG00000005778,dap1b,0.128486756,-2.990045719,2.12E-18,1.02388772,2.990045719,2.12E-18
ENSGACG00000001512,DBI,1.176691429,1.972136909,1.38E-12,0.299725816,-1.972136909,1.38E-12
ENSGACG00000017191,eef1da,0.862318334,-0.913272313,0.011139792,1.624275263,0.913272313,0.011139792
ENSGACG00000007396,eno1a,2.198403987,3.85349051,1.29E-43,0.151851721,-3.85349051,1.29E-43
ENSGACG00000004460,fam49bb,1.356837809,3.109440418,2.73E-29,0.156999237,-3.109440418,2.73E-29
ENSGACG00000014527,fbp2,8.50661804,5.572271894,1.55E-80,0.178525213,-5.572271894,1.55E-80
ENSGACG00000015484,fth1b,47.50212785,-0.861274502,0.018094919,86.27704703,0.861274502,0.018094919
ENSGACG00000003056,g6pd,3.537580387,5.041632809,9.33E-68,0.107161923,-5.041632809,9.33E-68
ENSGACG00000005864,gapdhs,3.073085309,3.837014199,1.23E-43,0.214791802,-3.837014199,1.23E-43
ENSGACG00000007744,gpia,3.8947824,5.03122459,7.00E-68,0.118860823,-5.03122459,7.00E-68
ENSGACG00000019990,hcls1,1.198326656,2.403729636,2.30E-18,0.226256724,-2.403729636,2.30E-18
ENSGACG00000003679,id4,1.304295115,5.178012265,6.57E-66,0.035798634,-5.178012265,6.57E-66
ENSGACG00000001519,itgb2,1.730376627,2.604566816,1.84E-21,0.284283268,-2.604566816,1.84E-21
ENSGACG00000007989,itm2bb,2.605941019,0.710921592,0.048332531,1.591752321,-0.710921592,0.048332531
ENSGACG00000007959,lcp1,6.719724901,2.81872405,1.87E-25,0.952056474,-2.81872405,1.87E-25
ENSGACG00000000675,lta4h,4.493062658,4.922819424,5.07E-66,0.147874095,-4.922819424,5.07E-66
ENSGACG00000007839,mmp25b,1.158146949,4.229014276,3.33E-48,0.061536214,-4.229014276,3.33E-48
ENSGACG00000017166,mpx,1.61955128,5.462406831,2.97E-72,0.036500568,-5.462406831,2.97E-72
ENSGACG00000020333,msna,1.549788712,2.271457905,1.35E-16,0.320783835,-2.271457905,1.35E-16
ENSGACG00000020935,mt-co1,14.06819599,0.795382867,0.019817814,8.104295921,-0.795382867,0.019817814
ENSGACG00000020938,mt-co2,65.48011844,1.124659641,0.000198008,30.02358876,-1.124659641,0.000198008
ENSGACG00000020942,mt-co3,26.56540958,1.16500731,0.000103523,11.8446682,-1.16500731,0.000103523
ENSGACG00000020954,mt-cyb,13.02308207,0.872921463,0.008143012,7.109655451,-0.872921463,0.008143012
ENSGACG00000020925,mt-nd1,4.761074552,1.211963084,4.78E-05,2.05479478,-1.211963084,4.78E-05
ENSGACG00000020929,mt-nd2,5.002152796,1.092258113,0.000359541,2.345629431,-1.092258113,0.000359541
ENSGACG00000020946,mt-nd4l,3.356550936,0.831645343,0.013988929,1.885628687,-0.831645343,0.013988929
ENSGACG00000004252,MYL12B,3.402470602,2.25132572,1.35E-16,0.714334828,-2.25132572,1.35E-16
ENSGACG00000020827,ncf1,4.430806188,2.241887246,1.96E-16,0.936379949,-2.241887246,1.96E-16
ENSGACG00000001966,ncf2,3.628095112,3.52489387,5.98E-38,0.314934385,-3.52489387,5.98E-38
ENSGACG00000014330,ndufab1b,0.70115797,-0.681761411,0.099721107,1.124966215,0.681761411,0.099721107
ENSGACG00000000834,npsn,5.214972784,5.757321505,1.86E-81,0.096164957,-5.757321505,1.86E-81
ENSGACG00000014415,npsn,36.9459032,5.481721865,2.33E-79,0.826410289,-5.481721865,2.33E-79
ENSGACG00000007164,pgd,13.24605736,5.102078833,1.60E-71,0.385361763,-5.102078833,1.60E-71
ENSGACG00000020795,pgk1,1.034958615,3.047833517,4.09E-28,0.124944251,-3.047833517,4.09E-28
ENSGACG00000019326,ponzr1,1.343150217,2.011401578,6.44E-13,0.332950691,-2.011401578,6.44E-13
ENSGACG00000020286,prdx5,1.121499524,0.791887712,0.023048148,0.647651099,-0.791887712,0.023048148
ENSGACG00000010111,ptpn6,1.466780086,3.208985505,5.46E-31,0.158403105,-3.208985505,5.46E-31
ENSGACG00000007843,ptprc,1.604980617,1.943901887,2.49E-12,0.416948793,-1.943901887,2.49E-12
ENSGACG00000011880,pygl,3.688143906,5.492896707,8.06E-77,0.081658321,-5.492896707,8.06E-77
ENSGACG00000020896,rhogb,4.157937407,3.296882436,1.00E-33,0.422798243,-3.296882436,1.00E-33
ENSGACG00000015634,scinlb,2.954753863,3.960735585,8.51E-46,0.189522178,-3.960735585,8.51E-46
ENSGACG00000018552,sh3bgrl,1.989999351,2.575358571,3.73E-21,0.333652625,-2.575358571,3.73E-21
ENSGACG00000005947,sla1,1.335202582,3.453436256,2.28E-35,0.121668559,-3.453436256,2.28E-35
ENSGACG00000009622,slc4a1a,0.749285312,-0.931715631,0.014979763,1.429605569,0.931715631,0.014979763
ENSGACG00000020581,sod1,0.973143681,-0.70081497,0.081360642,1.581925245,0.70081497,0.081360642
ENSGACG00000015525,spi1b,1.382446854,2.767173656,9.90E-24,0.202858924,-2.767173656,9.90E-24
ENSGACG00000015680,swap70a,0.079034809,-3.945988722,1.67E-28,1.224406864,3.945988722,1.67E-28
ENSGACG00000020358,tagln2,2.17588569,3.274543036,6.11E-33,0.224618878,-3.274543036,6.11E-33
ENSGACG00000017200,taldo1,10.30543263,3.946654878,1.33E-46,0.668007185,-3.946654878,1.33E-46
ENSGACG00000011650,tegt,1.183314458,0.712422127,0.049469955,0.722056102,-0.712422127,0.049469955
ENSGACG00000009964,tktb,13.39132246,5.437992054,8.39E-79,0.30861698,-5.437992054,8.39E-79
ENSGACG00000013220,tmem176l.1,1.84429272,2.147602373,8.04E-15,0.416012881,-2.147602373,8.04E-15
ENSGACG00000006448,tmem205,1.767465588,-1.049962484,0.002316912,3.659415891,1.049962484,0.002316912